รูปถ่าย,ระดับชั้น,ห้อง,เลขประจำตัว,เลขที่,คำนำหน้า,ชื่อ,นามสกุล,QR Code,Face Data
,ม.1,1,47591,8,เด็กชาย,พงศกร,บุญทอง,,
,ม.1,1,47594,11,เด็กชาย,พีระณัฐ,ใจซื่อ,,
,ม.1,1,47596,13,เด็กชาย,ยศนินทร์,ยังเต๊ะ,,
,ม.1,1,47598,15,เด็กชาย,ศุภเศรษฐ์,ไพศรีสาร,,
,ม.1,1,47606,24,เด็กหญิง,ณัฏฐนันท์,พลับจีน,,
,ม.1,1,47610,28,เด็กหญิง,ธรรญวรรณ,เขาบาท,,
,ม.1,1,47613,31,เด็กหญิง,ประกายแก้ว,แก้วชู,,
,ม.1,2,47630,8,เด็กชาย,ณภัทร,ธวัชวงศชัย,,
,ม.1,2,47632,10,เด็กชาย,บารเมษฐ์,สมนึก,,
,ม.1,2,47633,11,เด็กชาย,พงษ์อนันต์,คงเสรีดำรง,,
,ม.1,2,47653,31,เด็กหญิง,ภูริชญา,กิจขยัน,,
,ม.1,2,47658,36,เด็กหญิง,สุวรรณา,เรืองโสม,,
,ม.1,3,47664,2,เด็กชาย,กวินภพ,ใสดี,,
,ม.1,3,47673,11,เด็กชาย,พัฒนศักดิ์,สีตะโสภา,,
,ม.1,4,47703,1,เด็กชาย,กิตติกานต์,วงศ์สุรเดช,,
,ม.1,4,47712,10,เด็กชาย,ปัญญาวุธ,ภู่สวัสดิ์,,
,ม.1,4,47715,13,เด็กชาย,ยุทธนา,ศิริวัฒน์,,
,ม.1,4,47716,14,เด็กชาย,รพีพงศ์,สว่างวงค์,,
,ม.1,4,47719,17,เด็กชาย,สารัลย์,ปกาโส,,
,ม.1,4,47742,40,เด็กหญิง,อรนิภา,ขันอุดทา,,
,ม.1,5,47751,9,เด็กชาย,นัชพณ,บุญชัยแสน,,
,ม.1,5,47760,18,เด็กชาย,อิทธิกร,แผนพิมาย,,
,ม.1,5,47766,24,เด็กหญิง,ณัฐพัชร์,วีระวงศ์ชัย,,
,ม.1,5,47775,33,เด็กหญิง,เพ็ญพิชชา,ศรีสุข,,
,ม.1,6,47794,12,เด็กชาย,เปรมมณัส,จิตรวงค์นันท์,,
,ม.1,6,47822,40,เด็กหญิง,สิริรดา,มิ่งขวัญ,,
,ม.1,7,47826,4,เด็กชาย,ชัยภัทร,หาญธงชัยชนะ,,
,ม.1,8,47864,2,เด็กชาย,ชนนน,บรรจงเกตุ,,
,ม.1,8,47868,6,เด็กชาย,ณัฐภัทร,ชูศิริโรจน์,,
,ม.1,8,47880,18,เด็กชาย,อรุณเสมา,ขันสังข์,,
,ม.1,8,47900,38,เด็กหญิง,หนึ่งธิดา,-,,
,ม.1,9,47918,16,เด็กชาย,ศุภกร,อ้นจันหอม,,
,ม.1,9,47939,37,เด็กหญิง,อภิญญา,อินทร์คำ,,
,ม.1,10,47967,25,เด็กหญิง,กุลธิดา,ขวัญแก้ว,,
,ม.1,11,47990,8,เด็กชาย,ธนาเศรษฐ์,เอกธนาวงศ์,,
,ม.1,11,47993,11,เด็กชาย,พีรวิชญ์,อนุภาพ,,
,ม.1,11,47994,12,เด็กชาย,ภัทรพล,ศิลาชัย,,
,ม.3,7,46276,1,เด็กชาย,วรินทร,พันธุ์จบสิงห์,,
,ม.3,7,46589,2,เด็กชาย,กิตติพศ,เสนชัย,,
,ม.3,7,46590,3,เด็กชาย,จิรภัทร,วิวัฒนาการ,,
,ม.3,7,46591,4,เด็กชาย,ชฎาธาร,โพธิ์งาม,,
,ม.3,7,46592,5,เด็กชาย,ณัฐพล,โสภณชนัญชิต,,
,ม.3,7,46593,6,เด็กชาย,ทินภัทร,ภูครองจิต,,
,ม.3,7,46594,7,เด็กชาย,ธนภัทร,วิรัตติยา,,
,ม.3,7,46595,8,เด็กชาย,นราวิชญ์,บวรจักรวาล,,
,ม.3,7,46596,9,เด็กชาย,ปกรณ์,รัตนะวงวาล,,
,ม.3,7,46597,10,เด็กชาย,พัชรพล,พรวิไล,,
,ม.3,7,46598,11,เด็กชาย,ภัทรสิริฤทธิ์,ทัศนากรณ์,,
,ม.3,7,46599,12,เด็กชาย,ภูเมธ,มีสุขชัยสกุล,,
,ม.3,7,46600,13,เด็กชาย,มานพ,ปาด้วง,,
,ม.3,7,46601,14,เด็กชาย,รัชฏะ,ดูสมศักดิ์,,
,ม.3,7,46602,15,เด็กชาย,วรชัย,หนูชนะภัย,,
,ม.3,7,46603,16,เด็กชาย,ศรัณยู,ก้อนหิน,,
,ม.3,7,46604,17,เด็กชาย,เอกภาพ,เขียวยิ่ง,,
,ม.3,7,46606,18,เด็กหญิง,กนกวรรณ,เชื้อนุ่น,,
,ม.3,7,46607,19,เด็กหญิง,กัญชพร,อิ่มโอชา,,
,ม.3,7,46609,20,เด็กหญิง,จิดาภา,โพธิ์ศรี,,
,ม.3,7,46610,21,เด็กหญิง,จินต์จุฑา,จันทรศรีวงษ์,,
,ม.3,7,46611,22,เด็กหญิง,จิรัฎฐ์,แสวงการ,,
,ม.3,7,46612,23,เด็กหญิง,ณฐพร,ผิวคำสิงห์,,
,ม.3,7,46613,24,เด็กหญิง,ณภัทร,เหลี่ยมเพ็ชร์,,
,ม.3,7,46614,25,เด็กหญิง,ธัญชนก,จิตรมั่น,,
,ม.3,7,46615,26,เด็กหญิง,ธัญธิชา,เทศะศิลป์,,
,ม.3,7,46616,27,เด็กหญิง,ปริชญา,ธาลโชติ,,
,ม.3,7,46617,28,เด็กหญิง,ปัณณ์ฑิตา,ชูทอง,,
,ม.3,7,46618,29,เด็กหญิง,พรีชฎา,สุเดชะ,,
,ม.3,7,46619,30,เด็กหญิง,พิมพ์มณี,ไพบูลย์,,
,ม.3,7,46620,31,เด็กหญิง,พีรดา,รักใคร่,,
,ม.3,7,46621,32,เด็กหญิง,ลลิตภัทร,แสงเมือง,,
,ม.3,7,46622,33,เด็กหญิง,ลัดดาวัลย์,ก้านจันทร์,,
,ม.3,7,46623,34,เด็กหญิง,วชิราภรณ์,เชาวฤทธิ์,,
,ม.3,7,46624,35,เด็กหญิง,วันทิตา,ปลายเนตร,,
,ม.3,7,46625,36,เด็กหญิง,ศศินัดดา,เอี่ยมสอาด,,
,ม.3,7,46626,37,เด็กหญิง,อธิชา,คำสีจันทร์,,
,ม.3,7,46627,38,เด็กหญิง,อารดา,กาญจนถมยา,,
,ม.3,7,46628,39,เด็กหญิง,แอนนา,ปันยา,,
,ม.3,8,46629 ,1,เด็กชาย,กิตติศักดิ์,ขจรศรีกิตติ,,
,ม.3,8,46630 ,2,เด็กชาย,ไกรวิชญ์,จุมพลมา,,
,ม.3,8,46631 ,3,เด็กชาย,ชยพล,บุตรดา,,
,ม.3,8,46632 ,4,เด็กชาย,ชัยมงคล,ดวงมาลา,,
,ม.3,8,46633 ,5,เด็กชาย,ชุติสัณห์,นามบุปผา,,
,ม.3,8,46634 ,6,เด็กชาย,ณฐกร,ยกฉวี,,
,ม.3,8,46635 ,7,เด็กชาย,ตะวัน,บุตรสานาม,,
,ม.3,8,46636 ,8,เด็กชาย,ทฤษฎี,ชูจิตต์,,
,ม.3,8,46637 ,9,เด็กชาย,ธนวัฒน์,ซ้ายหุย,,
,ม.3,8,46638 ,10,เด็กชาย,ธนากร,ปู่อ๊อ,,
,ม.3,8,46639 ,11,เด็กชาย,นิติเมตศ์,ฐิติธนเจริญวุฒิ,,
,ม.3,8,46640 ,12,เด็กชาย,ปนิพัด,ทับฤทธิ์,,
,ม.3,8,46641 ,13,เด็กชาย,ปัณณวิชญ์,แสนทวีสุข,,
,ม.3,8,46642 ,14,เด็กชาย,พิชญดล,วรนุช,,
,ม.3,8,46643 ,15,เด็กชาย,พิตรพิบูล,ชุติมาอนันต์กุล,,
,ม.3,8,46644 ,16,เด็กชาย,พิสิฐพงศ์,หงษ์ทอง,,
,ม.3,8,46645 ,17,เด็กชาย,สุกฤษฏิ์,นาคนิศร,,
,ม.3,8,46907 ,18,เด็กชาย,ฉัตรชนก,บุญคำ,,
,ม.3,8,46646 ,19,เด็กหญิง,กัญญาพร,วงษ์ขันธ์,,
,ม.3,8,46647 ,20,เด็กหญิง,กาญจน์ฉัตร,ชัยเวียงคำ,,
,ม.3,8,46649 ,21,เด็กหญิง,ดาราวีร์,ทรงศิริ,,
,ม.3,8,46650 ,22,เด็กหญิง,ธัญสินี,สุทธิประภา,,
,ม.3,8,46651 ,23,เด็กหญิง,นนลนีย์,ประดิษฐ์จิระ,,
,ม.3,8,46652 ,24,เด็กหญิง,น้ำมนต์,ปิดคำพี้,,
,ม.3,8,46654 ,25,เด็กหญิง,พัชรพรรณ,คำลือ,,
,ม.3,8,46655 ,26,เด็กหญิง,มิตรสินี,เกิดไพบูลย์ลักษณ์,,
,ม.3,8,46656 ,27,เด็กหญิง,รัตนาวลี,กอบุญ,,
,ม.3,8,46657 ,28,เด็กหญิง,ลฎาภา,หุ้นเอี่ยม,,
,ม.3,8,46658 ,29,เด็กหญิง,วรรณกานต์,ว่องไว,,
,ม.3,8,46659 ,30,เด็กหญิง,ศรินยา,เหมือนสี,,
,ม.3,8,46660 ,31,เด็กหญิง,สุฐิตา,เอี่ยมสกุล,,
,ม.3,8,46661 ,32,เด็กหญิง,สุภัสสรา,ฉันทวรลักษณ์,,
,ม.3,8,46662 ,33,นางสาว,โสนี,-,,
,ม.3,8,46663 ,34,เด็กหญิง,อภิชญา,อินต๊ะวงค์กา,,
,ม.3,8,46665 ,35,เด็กหญิง,อรรัมภา,ภาคาพร,,
,ม.3,8,46666 ,36,เด็กหญิง,อรสา,ผิวขาว,,
,ม.3,8,46667 ,37,เด็กหญิง,อินทิรา,แสงสว่าง,,
,ม.3,8,46668 ,38,เด็กหญิง,ไอลดา,ดวงมาลา,,
,ม.3,13,46302,1,เด็กชาย,กันตภณ,มณีนันทน์,,
,ม.3,13,46303,2,เด็กชาย,กัมพล,พึ่งพัฒน์,,
,ม.3,13,46304,3,เด็กชาย,จิรภัทร,เรืองศักดิ์ภักดี,,
,ม.3,13,46305,4,เด็กชาย,ณภัทร,อธิยุตกุล,,
,ม.3,13,46306,5,เด็กชาย,ปวริศ,ทองสุข,,
,ม.3,13,46307,6,เด็กชาย,ปัญญากร,สุขทรัพย์,,
,ม.3,13,46308,7,เด็กชาย,พัสกร,สุวรรณพาหุ,,
,ม.3,13,46309,8,เด็กชาย,ภูวริศ,จิตรมั่น,,
,ม.3,13,46310,9,เด็กชาย,วิรูปักษ์,เปลื้องสุวรรณ์,,
,ม.3,13,46311,10,เด็กชาย,ศักดิ์ณภัทร,รุ่งเหรียญพูน,,
,ม.3,13,46312,11,เด็กชาย,ศุภณัฐ,สิมณี,,
,ม.3,13,46313,12,เด็กชาย,อัครคม,ยิ่งยง,,
,ม.3,13,46314,13,เด็กชาย,อัคริณฐ์,ภูมิธร,,
,ม.3,13,46315,14,เด็กหญิง,กรชนก,ผำไชย,,
,ม.3,13,46316,15,เด็กหญิง,กัญญาภัทร,โชกะตะ,,
,ม.3,13,46317,16,เด็กหญิง,ชลิตาภรณ์,ชลารักษ์,,
,ม.3,13,46318,17,เด็กหญิง,ดาริณี,บรรจงช่วย,,
,ม.3,13,46319,18,เด็กหญิง,นกยูง,แสงฉลัน,,
,ม.3,13,46320,19,เด็กหญิง,นันทพร,รอดหยู่,,
,ม.3,13,46321,20,นางสาว,นาน ซุ เมียะ เค ตี,,,
,ม.3,13,46322,21,เด็กหญิง,นิตา,เข็มพิพัทธ์,,
,ม.3,13,46323,22,เด็กหญิง,ปภินดา,จันทองอุ่น,,
,ม.3,13,46324,23,เด็กหญิง,ปวริศา,ศรีสนอง,,
,ม.3,13,46325,24,เด็กหญิง,เปมิกา,แสงรัตน์,,
,ม.3,13,46326,25,เด็กหญิง,พนัชกร,จุ้ยภู่,,
,ม.3,13,46327,26,เด็กหญิง,พลอยปภัส,แสงหิรัญ,,
,ม.3,13,46329,27,เด็กหญิง,พิชาพัชร์,รังษีธนาวรรักษ์,,
,ม.3,13,46330,28,เด็กหญิง,พิธิตา,เพ็ชรุจิ,,
,ม.3,13,46331,29,เด็กหญิง,ภรณ์ณิภา,อินลูกท้าว,,
,ม.3,13,46332,30,เด็กหญิง,ภัคฐนันท์,อ่วมคำ,,
,ม.3,13,46333,31,เด็กหญิง,วริศรา,วิสาสะ,,
,ม.3,13,46334,32,เด็กหญิง,วิชญา,สามปลื้ม,,
,ม.3,13,46336,33,เด็กหญิง,อภิญญา,อักษร,,
,ม.3,13,46337,34,เด็กหญิง,ไอยรินทร์,จินตวรรณ,,
,ม.3,13,46419,35,เด็กหญิง,ภัทรสุดา,กลิ่นหวล,,
,ม.5,2,45137,1,นาย,ปัญจพัน,แม้นผัน,,
,ม.5,2,45206,2,นาย,ณัฐสิทธิ์,จันเฮ้า,,
,ม.5,2,45247,3,นาย,ดรัณภพ,ธรรมสอน,,
,ม.5,2,45253,4,นาย,พสิษฐ์,อรรถพิจารณ์,,
,ม.5,2,45285,5,นาย,จักรภัทร,ลีลา,,
,ม.5,2,45298,6,นาย,พุทธชูพงษ์,นาคตระกูล,,
,ม.5,2,45424,7,นาย,สิรวิชญ์,ปรังประโคน,,
,ม.5,2,45496,8,นาย,เทพพิทักษ์,แสนภักดี,,
,ม.5,2,45511,9,นาย,สุพลวัฒน์,โชติกวิบูลย์,,
,ม.5,2,45579,10,นาย,คณุตม์,กฤษณานุวัฒน์,,
,ม.5,2,45594,11,นาย,หฤษฎ์,เพชรวงศ์,,
,ม.5,2,46949,12,นาย,จารุพิชญ์,สีม่วง,,
,ม.5,2,46950,13,นาย,นิติธร,บุตรดี,,
,ม.5,2,46951,14,นาย,อศิรขวัญ,โคตถา,,
,ม.5,2,45154,15,นางสาว,อลิสสา,ขันสังข์,,
,ม.5,2,45166,16,นางสาว,กชพร,พุทไซสง,,
,ม.5,2,45183,17,นางสาว,แพรวา,หมั่นอุตส่าห์,,
,ม.5,2,45219,18,นางสาว,กนกพร,เด็ดไธสง,,
,ม.5,2,45268,19,นางสาว,ปทิตา,จำปาสิทธิ์,,
,ม.5,2,45269,20,นางสาว,พิชยา,ภิญญวัย,,
,ม.5,2,45313,21,นางสาว,ปุณิกา,งามประดิษฐ์,,
,ม.5,2,45321,22,นางสาว,อภัสรา,บุญธรรมวิทยา,,
,ม.5,2,45347,23,นางสาว,จิรภรณ์,มาหา,,
,ม.5,2,45354,24,นางสาว,ปภาวรินทร์,โทขันธ์,,
,ม.5,2,45358,25,นางสาว,พัทธินันท์,สิทธิโรจน์ธำรง,,
,ม.5,2,45363,26,นางสาว,ศุภิสรา,เขื่อนคำ,,
,ม.5,2,45364,27,นางสาว,สกุลกาญจน์,กลิ่นกล่อม,,
,ม.5,2,45365,28,นางสาว,สุชัญญา,แก้วกุล,,
,ม.5,2,45512,29,นางสาว,กนกวรรณ,คงสุข,,
,ม.5,2,45532,30,นางสาว,สุธิดา,ปะนะรัตน์,,
,ม.5,2,45533,31,นางสาว,อรนิชา,ม่วงอ่อน,,
,ม.5,2,45568,32,นางสาว,พิชญ์นรี,ทองหิน,,
,ม.5,2,45573,33,นางสาว,มณีวรรณ,พุ่มเจริญ,,
,ม.5,2,45607,34,นางสาว,แพรพรรณ,ดีตุ๊,,
,ม.5,2,47404,35,นางสาว,ณิชาภัทร,งามเศษ,,
,ม.5,2,47405,36,นางสาว,ใบบัว,สิริวงษ์,,
,ม.5,2,47407,37,นางสาว,สิรธร,สายหยุด,,
,ม.5,7,45213,1,นาย,พชรพล,วรรณชัย,,
,ม.5,7,45218,2,นาย,เสฏฐพงศ์,วรรณพันธ์,,
,ม.5,7,45241,3,นาย,กันตพล,ศรีชานิล,,
,ม.5,7,45259,4,นาย,ศริตวรรธน์,เรียนลึก,,
,ม.5,7,45260,5,นาย,ศัจกร,แซ่โค้ว,,
,ม.5,7,45284,6,นาย,กฤษณกันท์,เส้งคล้าย,,
,ม.5,7,45297,7,นาย,พีรภัทร,ยอดแปง,,
,ม.5,7,45373,8,นาย,ธนภัทร,บริเพชร,,
,ม.5,7,45376,9,นาย,บุญพิทักษ์,รังษีสว่าง,,
,ม.5,7,45382,10,นาย,วรพงศ์,บดิกาญจน์,,
,ม.5,7,45409,11,นาย,จิติศักษ์,จิตมุ่งมั่น,,
,ม.5,7,ลาออก,12,นาย,สุพจน์,,,
,ม.5,7,47461,13,นาย,จิตติพัทธ์,ศักดิ์โกมลพิทักษ์,,
,ม.5,7,47462,14,นาย,ณัฐพัชร์,เรืองฤทธิ์,,
,ม.5,7,47463,15,นาย,พีรวิชญ์,จันดอนแดง,,
,ม.5,7,45145,16,นางสาว,พัชราภา,เชิดรัมย์,,
,ม.5,7,45151,17,นางสาว,อาภารัตน์,ธนบุญยศักดิ์,,
,ม.5,7,45229,18,นางสาว,เมธิวารินทร์,สุดเสน่ห์,,
,ม.5,7,45235,19,นางสาว,สุภาวดี,พรหมชัย,,
,ม.5,7,45239,20,นางสาว,อลิษา,ทองคำตอน,,
,ม.5,7,45240,21,นางสาว,อิสยาห์,สุทธิบานเย็น,,
,ม.5,7,45264,22,นางสาว,ณัฐปภัสร์,วงค์กลางสีหาพล,,
,ม.5,7,45265,23,นางสาว,นันท์นภัส,น้ำใจ,,
,ม.5,7,45307,24,นางสาว,ชลรธี,แย้มสาขา,,
,ม.5,7,45349,25,นางสาว,จุฬารัตน์,สุโคตร,,
,ม.5,7,45390,26,นางสาว,คีตภัทร,สุขโกษา,,
,ม.5,7,45392,27,นางสาว,ชวัลรัตน์,สิงหาวุธ,,
,ม.5,7,45393,28,นางสาว,ณัฏฐธิดา,กุลกิจจา,,
,ม.5,7,45404,29,นางสาว,ลินดาวดี,ทิพยวัต,,
,ม.5,7,45407,30,นางสาว,สุริยา,สุจเสน,,
,ม.5,7,45429,31,นางสาว,กชกร,ทับเอี่ยม,,
,ม.5,7,45436,32,นางสาว,ณิชวรา,บัวทอง,,
,ม.5,7,45437,33,นางสาว,ธัญพร,พลปิยะ,,
,ม.5,7,45528,34,นางสาว,พัชญ์พิดา,ขำสา,,
,ม.5,7,45567,35,นางสาว,ปาริชาต,ด่านกระโทก,,
,ม.5,7,45598,36,นางสาว,ชัญญา,หอมสุวรรณ,,
,ม.5,7,45601,37,นางสาว,นารดา,จันทร์ขอนแก่น,,
,ม.5,7,45608,38,นางสาว,ภัทรภร,แก้ววารี,,
,ม.5,7,45618,39,นางสาว,อริษา,พลับจีน,,
,ม.5,7,47464,40,นางสาว,พิชญา,หล้าวัน,,
,ม.5,8,44674,1,นาย,โชติวิทย์,ยาแก้ว,,
,ม.5,8,44767,2,นาย,นิธิโชติ,ยิ่งสถาพรชัย,,
,ม.5,8,45200,3,เด็กชาย,กฤศ,เยาวสังข์,,
,ม.5,8,45211,4,เด็กชาย,บุพกร,อยู่นาน,,
,ม.5,8,45300,5,เด็กชาย,รวิพล,บุบผาจีน,,
,ม.5,8,45301,6,เด็กชาย,สิทธิพัฒน์,พรหมคง,,
,ม.5,8,45374,7,เด็กชาย,ธัญพิสิษฐ์ บราวเซนต์จอห์น,คารูว์,,
,ม.5,8,45378,8,เด็กชาย,ปองพล,ศิริโท,,
,ม.5,8,45500,9,นาย,ปวรปรัชญ์,ล้อมวงษ์,,
,ม.5,8,45502,10,เด็กชาย,พีระพล,ผลกิจ,,
,ม.5,8,45582,11,เด็กชาย,ณัฐภัทร,อาจสังข์,,
,ม.5,8,45588,12,เด็กชาย,ภาสกร,สิงห์โต,,
,ม.5,8,45663,13,นาย,ณัฐวุฒิ,กาญจนเลขา,,
,ม.5,8,46255,14,เด็กชาย,ศักดิพงศ์,บุญเย็น,,
,ม.5,8,47465,15,นาย,กรวิชญ์,ทองโส,,
,ม.5,8,47468,16,นาย,ณัฐวัศห์,เมืองปาก,,
,ม.5,8,47469,17,นาย,ธีรโชติ,เสือแดง,,
,ม.5,8,47470,18,นาย,พิชิตชัย,เพ็งชัย,,
,ม.5,8,47471,19,นาย,ภูวดล,บุญลักษณ์,,
,ม.5,8,47472,20,นาย,เสฎฐวุฒิ,พงษ์อ่อน,,
,ม.5,8,45238,21,เด็กหญิง,อริศรา,ธรรมวิชัย,,
,ม.5,8,45360,22,นางสาว,มนัญชยา,บำรุงศรี,,
,ม.5,8,45474,23,เด็กหญิง,นภัสสร,หัสคุณ,,
,ม.5,8,45477,24,เด็กหญิง,พัฑฒิดา,แก้วศรี,,
,ม.5,8,45480,25,เด็กหญิง,พัชรีวรรณ,ไพชยนต์ฤทธา,,
,ม.5,8,45486,26,เด็กหญิง,วรัชญา,วีระบัลย์,,
,ม.5,8,45566,27,เด็กหญิง,ปานนภา,ทัศสาคร,,
,ม.5,8,45569,28,เด็กหญิง,พิมพ์ลภัส,นุชใย,,
,ม.5,8,45597,29,นางสาว,เขมจิรา,ดาราเลิศ,,
,ม.5,8,45614,30,เด็กหญิง,สุภัสสรา,แย้มสุคนธ์,,
,ม.5,8,47473,31,นางสาว,จิตติมา,วาริปัญโญ,,
,ม.5,8,47474,32,นางสาว,ชมพูเนกข์,เคหะฐาน,,
,ม.5,8,47476,33,นางสาว,วดารินทร์,รอดชีวัน,,
,ม.5,8,47477,34,นางสาว,วิภาวี,ทุมมานาม,,
,ม.5,8,47478,35,นางสาว,วิลาสินี,เจริญเพชรนาค,,